{
"meta":{"test_sets":[],"test_metrics":[],"learn_metrics":[{"best_value":"Min","name":"RMSE"}],"launch_mode":"Train","parameters":"","iteration_count":200,"learn_sets":["learn"],"name":"experiment"},
"iterations":[
{"learn":[6.281725124],"iteration":0,"passed_time":0.1473615684,"remaining_time":29.32495211},
{"learn":[5.997486718],"iteration":1,"passed_time":0.151983129,"remaining_time":15.04632977},
{"learn":[5.722334088],"iteration":2,"passed_time":0.1567137338,"remaining_time":10.29086852},
{"learn":[5.458895856],"iteration":3,"passed_time":0.1615690194,"remaining_time":7.916881951},
{"learn":[5.21143081],"iteration":4,"passed_time":0.1668214601,"remaining_time":6.506036944},
{"learn":[4.973084468],"iteration":5,"passed_time":0.1713665465,"remaining_time":5.540851671},
{"learn":[4.749481831],"iteration":6,"passed_time":0.1759047682,"remaining_time":4.849945751},
{"learn":[4.535166968],"iteration":7,"passed_time":0.1810111533,"remaining_time":4.344267678},
{"learn":[4.333943765],"iteration":8,"passed_time":0.1857182477,"remaining_time":3.941353924},
{"learn":[4.142023573],"iteration":9,"passed_time":0.1905566384,"remaining_time":3.62057613},
{"learn":[3.962294419],"iteration":10,"passed_time":0.1952558595,"remaining_time":3.354850678},
{"learn":[3.790615624],"iteration":11,"passed_time":0.2001761743,"remaining_time":3.136093398},
{"learn":[3.625425608],"iteration":12,"passed_time":0.205268418,"remaining_time":2.952707243},
{"learn":[3.473083003],"iteration":13,"passed_time":0.2102573749,"remaining_time":2.793419409},
{"learn":[3.330195169],"iteration":14,"passed_time":0.2149022526,"remaining_time":2.650461115},
{"learn":[3.194788108],"iteration":15,"passed_time":0.2200624242,"remaining_time":2.530717878},
{"learn":[3.064205389],"iteration":16,"passed_time":0.2247122777,"remaining_time":2.418961577},
{"learn":[2.939759974],"iteration":17,"passed_time":0.2295207548,"remaining_time":2.320709855},
{"learn":[2.823511939],"iteration":18,"passed_time":0.2342912592,"remaining_time":2.231932522},
{"learn":[2.710907186],"iteration":19,"passed_time":0.2390655622,"remaining_time":2.15159006},
{"learn":[2.607462683],"iteration":20,"passed_time":0.243679059,"remaining_time":2.077073884},
{"learn":[2.507395596],"iteration":21,"passed_time":0.2490809906,"remaining_time":2.015291651},
{"learn":[2.415763164],"iteration":22,"passed_time":0.2550298302,"remaining_time":1.962620867},
{"learn":[2.328605477],"iteration":23,"passed_time":0.2606481932,"remaining_time":1.911420084},
{"learn":[2.246125756],"iteration":24,"passed_time":0.2668186958,"remaining_time":1.867730871},
{"learn":[2.168574082],"iteration":25,"passed_time":0.2723690545,"remaining_time":1.822777518},
{"learn":[2.094863796],"iteration":26,"passed_time":0.2780521764,"remaining_time":1.781593575},
{"learn":[2.024986937],"iteration":27,"passed_time":0.2835962343,"remaining_time":1.742091154},
{"learn":[1.960896745],"iteration":28,"passed_time":0.2890114943,"remaining_time":1.704171225},
{"learn":[1.899525328],"iteration":29,"passed_time":0.2946299009,"remaining_time":1.669569438},
{"learn":[1.841420917],"iteration":30,"passed_time":0.2993897091,"remaining_time":1.632156801},
{"learn":[1.788150843],"iteration":31,"passed_time":0.3039635887,"remaining_time":1.595808841},
{"learn":[1.738319988],"iteration":32,"passed_time":0.3089417966,"remaining_time":1.563432728},
{"learn":[1.691662102],"iteration":33,"passed_time":0.3137194416,"remaining_time":1.531689039},
{"learn":[1.648148395],"iteration":34,"passed_time":0.318489862,"remaining_time":1.501452207},
{"learn":[1.607020351],"iteration":35,"passed_time":0.3232366878,"remaining_time":1.472522689},
{"learn":[1.568721943],"iteration":36,"passed_time":0.3279879483,"remaining_time":1.444919881},
{"learn":[1.532174357],"iteration":37,"passed_time":0.3327495871,"remaining_time":1.418564029},
{"learn":[1.49875014],"iteration":38,"passed_time":0.3374909437,"remaining_time":1.393231845},
{"learn":[1.467877299],"iteration":39,"passed_time":0.3426679317,"remaining_time":1.370671727},
{"learn":[1.438907279],"iteration":40,"passed_time":0.3472099076,"remaining_time":1.346496959},
{"learn":[1.411295545],"iteration":41,"passed_time":0.3517533803,"remaining_time":1.323262716},
{"learn":[1.385197075],"iteration":42,"passed_time":0.3566571628,"remaining_time":1.302213362},
{"learn":[1.360036994],"iteration":43,"passed_time":0.3614941872,"remaining_time":1.281661209},
{"learn":[1.338021954],"iteration":44,"passed_time":0.3661662998,"remaining_time":1.261239477},
{"learn":[1.316353777],"iteration":45,"passed_time":0.3707667072,"remaining_time":1.241262455},
{"learn":[1.296794359],"iteration":46,"passed_time":0.3755751932,"remaining_time":1.222617118},
{"learn":[1.278055453],"iteration":47,"passed_time":0.3801921043,"remaining_time":1.203941664},
{"learn":[1.261080078],"iteration":48,"passed_time":0.3848847817,"remaining_time":1.186073511},
{"learn":[1.245507773],"iteration":49,"passed_time":0.3897095919,"remaining_time":1.169128776},
{"learn":[1.230355653],"iteration":50,"passed_time":0.3948331545,"remaining_time":1.153532157},
{"learn":[1.216451894],"iteration":51,"passed_time":0.3996025275,"remaining_time":1.13733027},
{"learn":[1.204402778],"iteration":52,"passed_time":0.4044342103,"remaining_time":1.121732621},
{"learn":[1.192681129],"iteration":53,"passed_time":0.4091287936,"remaining_time":1.106163035},
{"learn":[1.181181506],"iteration":54,"passed_time":0.413714509,"remaining_time":1.090701887},
{"learn":[1.170485083],"iteration":55,"passed_time":0.4184201993,"remaining_time":1.075937655},
{"learn":[1.161490296],"iteration":56,"passed_time":0.4227324198,"remaining_time":1.060539229},
{"learn":[1.152388292],"iteration":57,"passed_time":0.4272729405,"remaining_time":1.046082027},
{"learn":[1.142845665],"iteration":58,"passed_time":0.4324133419,"remaining_time":1.033394597},
{"learn":[1.134707893],"iteration":59,"passed_time":0.4374026305,"remaining_time":1.020606138},
{"learn":[1.126620196],"iteration":60,"passed_time":0.4424449135,"remaining_time":1.008194147},
{"learn":[1.119700676],"iteration":61,"passed_time":0.447577675,"remaining_time":0.9962212765},
{"learn":[1.113105693],"iteration":62,"passed_time":0.452483677,"remaining_time":0.9839724404},
{"learn":[1.107171091],"iteration":63,"passed_time":0.4570261772,"remaining_time":0.9711806264},
{"learn":[1.100915595],"iteration":64,"passed_time":0.4615330561,"remaining_time":0.958568655},
{"learn":[1.095687871],"iteration":65,"passed_time":0.466172875,"remaining_time":0.9464722008},
{"learn":[1.090121929],"iteration":66,"passed_time":0.4706676826,"remaining_time":0.9343104744},
{"learn":[1.085793189],"iteration":67,"passed_time":0.4750213881,"remaining_time":0.9221003416},
{"learn":[1.081005363],"iteration":68,"passed_time":0.4795698548,"remaining_time":0.9104876953},
{"learn":[1.076636201],"iteration":69,"passed_time":0.4841030277,"remaining_time":0.89904848},
{"learn":[1.071588471],"iteration":70,"passed_time":0.4887474932,"remaining_time":0.8880060087},
{"learn":[1.068177753],"iteration":71,"passed_time":0.4933408563,"remaining_time":0.8770504113},
{"learn":[1.064891086],"iteration":72,"passed_time":0.4978728349,"remaining_time":0.8661623293},
{"learn":[1.061548395],"iteration":73,"passed_time":0.502221763,"remaining_time":0.8551343531},
{"learn":[1.05704391],"iteration":74,"passed_time":0.506848034,"remaining_time":0.8447467233},
{"learn":[1.053332125],"iteration":75,"passed_time":0.5111495541,"remaining_time":0.8339808514},
{"learn":[1.050171499],"iteration":76,"passed_time":0.5158541557,"remaining_time":0.8240267681},
{"learn":[1.04723162],"iteration":77,"passed_time":0.5201011766,"remaining_time":0.813491584},
{"learn":[1.044614211],"iteration":78,"passed_time":0.5251272704,"remaining_time":0.8043088572},
{"learn":[1.041764559],"iteration":79,"passed_time":0.5296078135,"remaining_time":0.7944117202},
{"learn":[1.039582219],"iteration":80,"passed_time":0.5337616593,"remaining_time":0.7841683636},
{"learn":[1.037351644],"iteration":81,"passed_time":0.5382917724,"remaining_time":0.7746149895},
{"learn":[1.034757179],"iteration":82,"passed_time":0.5426606529,"remaining_time":0.7649553782},
{"learn":[1.032178296],"iteration":83,"passed_time":0.547380096,"remaining_time":0.7559058468},
{"learn":[1.03021874],"iteration":84,"passed_time":0.5520275546,"remaining_time":0.7468608091},
{"learn":[1.028466152],"iteration":85,"passed_time":0.5565563474,"remaining_time":0.7377607396},
{"learn":[1.026329921],"iteration":86,"passed_time":0.5609353211,"remaining_time":0.7285711642},
{"learn":[1.024456175],"iteration":87,"passed_time":0.5651691641,"remaining_time":0.7193062089},
{"learn":[1.0226007],"iteration":88,"passed_time":0.5698232836,"remaining_time":0.7106784772},
{"learn":[1.020893797],"iteration":89,"passed_time":0.5742665287,"remaining_time":0.7018813129},
{"learn":[1.01878427],"iteration":90,"passed_time":0.5789507502,"remaining_time":0.693468481},
{"learn":[1.01721055],"iteration":91,"passed_time":0.5834794228,"remaining_time":0.684954105},
{"learn":[1.015893653],"iteration":92,"passed_time":0.5878054064,"remaining_time":0.6762922418},
{"learn":[1.014671941],"iteration":93,"passed_time":0.5921165576,"remaining_time":0.6677059054},
{"learn":[1.013461211],"iteration":94,"passed_time":0.596694311,"remaining_time":0.6595042385},
{"learn":[1.011870106],"iteration":95,"passed_time":0.6014335394,"remaining_time":0.651553001},
{"learn":[1.010955063],"iteration":96,"passed_time":0.6058349171,"remaining_time":0.6433092419},
{"learn":[1.009620064],"iteration":97,"passed_time":0.610168588,"remaining_time":0.6350734284},
{"learn":[1.008252524],"iteration":98,"passed_time":0.6148437372,"remaining_time":0.6272648228},
{"learn":[1.006875816],"iteration":99,"passed_time":0.6194609797,"remaining_time":0.6194609797},
{"learn":[1.005828399],"iteration":100,"passed_time":0.6238359038,"remaining_time":0.6114827176},
{"learn":[1.004925459],"iteration":101,"passed_time":0.62827932,"remaining_time":0.6036409153},
{"learn":[1.003838902],"iteration":102,"passed_time":0.6330611377,"remaining_time":0.5961837899},
{"learn":[1.00247594],"iteration":103,"passed_time":0.6376212247,"remaining_time":0.5885734382},
{"learn":[1.001657705],"iteration":104,"passed_time":0.6418686222,"remaining_time":0.5807382772},
{"learn":[1.000363308],"iteration":105,"passed_time":0.6462775992,"remaining_time":0.5731140974},
{"learn":[0.9996128502],"iteration":106,"passed_time":0.6507202509,"remaining_time":0.5655792835},
{"learn":[0.9987723435],"iteration":107,"passed_time":0.6551963854,"remaining_time":0.5581302542},
{"learn":[0.9980208562],"iteration":108,"passed_time":0.6598304088,"remaining_time":0.550867589},
{"learn":[0.9974782614],"iteration":109,"passed_time":0.6642761766,"remaining_time":0.54349869},
{"learn":[0.99646978],"iteration":110,"passed_time":0.6686034053,"remaining_time":0.5360874151},
{"learn":[0.9954187206],"iteration":111,"passed_time":0.6729332108,"remaining_time":0.528733237},
{"learn":[0.994441329],"iteration":112,"passed_time":0.6781245632,"remaining_time":0.5220959026},
{"learn":[0.9933451359],"iteration":113,"passed_time":0.6824639365,"remaining_time":0.5148412153},
{"learn":[0.992467029],"iteration":114,"passed_time":0.6867798637,"remaining_time":0.5076198992},
{"learn":[0.9916994057],"iteration":115,"passed_time":0.6913177743,"remaining_time":0.5006094228},
{"learn":[0.99074114],"iteration":116,"passed_time":0.6958619342,"remaining_time":0.4936456456},
{"learn":[0.9900271193],"iteration":117,"passed_time":0.7003235041,"remaining_time":0.4866654859},
{"learn":[0.9892951111],"iteration":118,"passed_time":0.7048969862,"remaining_time":0.4798038309},
{"learn":[0.9885600961],"iteration":119,"passed_time":0.7094066421,"remaining_time":0.4729377614},
{"learn":[0.9875349817],"iteration":120,"passed_time":0.7141337847,"remaining_time":0.4662526363},
{"learn":[0.9866382868],"iteration":121,"passed_time":0.7185696671,"remaining_time":0.4594133937},
{"learn":[0.9861833213],"iteration":122,"passed_time":0.7237229739,"remaining_time":0.4530623495},
{"learn":[0.9853569885],"iteration":123,"passed_time":0.7284619821,"remaining_time":0.4464766987},
{"learn":[0.9849864524],"iteration":124,"passed_time":0.733000102,"remaining_time":0.4398000612},
{"learn":[0.984543651],"iteration":125,"passed_time":0.7376366305,"remaining_time":0.433215164},
{"learn":[0.9839651652],"iteration":126,"passed_time":0.7422160042,"remaining_time":0.4266280969},
{"learn":[0.9834795196],"iteration":127,"passed_time":0.7468722247,"remaining_time":0.4201156264},
{"learn":[0.982610193],"iteration":128,"passed_time":0.7516346148,"remaining_time":0.4136903694},
{"learn":[0.9818255992],"iteration":129,"passed_time":0.7563019746,"remaining_time":0.4072395248},
{"learn":[0.981340515],"iteration":130,"passed_time":0.7607702248,"remaining_time":0.4007110344},
{"learn":[0.9807799016],"iteration":131,"passed_time":0.7657581506,"remaining_time":0.3944814715},
{"learn":[0.9803604294],"iteration":132,"passed_time":0.7699412944,"remaining_time":0.3878651634},
{"learn":[0.9799176197],"iteration":133,"passed_time":0.7747392334,"remaining_time":0.3815879806},
{"learn":[0.9793523473],"iteration":134,"passed_time":0.7796303044,"remaining_time":0.375377554},
{"learn":[0.9788680381],"iteration":135,"passed_time":0.7847598522,"remaining_time":0.369298754},
{"learn":[0.978583434],"iteration":136,"passed_time":0.7895013197,"remaining_time":0.3630553514},
{"learn":[0.9781445381],"iteration":137,"passed_time":0.7943527236,"remaining_time":0.3568831077},
{"learn":[0.9778606655],"iteration":138,"passed_time":0.7988636036,"remaining_time":0.3505804304},
{"learn":[0.9773835533],"iteration":139,"passed_time":0.8034884492,"remaining_time":0.3443521925},
{"learn":[0.9767258957],"iteration":140,"passed_time":0.8081491982,"remaining_time":0.3381617212},
{"learn":[0.9760305392],"iteration":141,"passed_time":0.8126722341,"remaining_time":0.3319365463},
{"learn":[0.975705832],"iteration":142,"passed_time":0.8175066306,"remaining_time":0.3258592863},
{"learn":[0.9753468133],"iteration":143,"passed_time":0.8224288739,"remaining_time":0.319833451},
{"learn":[0.9750211986],"iteration":144,"passed_time":0.82737051,"remaining_time":0.3138301934},
{"learn":[0.9743596034],"iteration":145,"passed_time":0.8321610558,"remaining_time":0.307785596},
{"learn":[0.9736657582],"iteration":146,"passed_time":0.8366566455,"remaining_time":0.3016517157},
{"learn":[0.9732309144],"iteration":147,"passed_time":0.8411101704,"remaining_time":0.295525195},
{"learn":[0.9724788758],"iteration":148,"passed_time":0.8456489941,"remaining_time":0.2894503268},
{"learn":[0.9719586105],"iteration":149,"passed_time":0.8505655455,"remaining_time":0.2835218485},
{"learn":[0.9715803682],"iteration":150,"passed_time":0.8553010901,"remaining_time":0.2775480359},
{"learn":[0.9712019079],"iteration":151,"passed_time":0.8599317443,"remaining_time":0.2715573929},
{"learn":[0.9707467593],"iteration":152,"passed_time":0.8643097733,"remaining_time":0.2655069238},
{"learn":[0.9704509334],"iteration":153,"passed_time":0.8686731726,"remaining_time":0.2594738048},
{"learn":[0.9698870667],"iteration":154,"passed_time":0.8733970665,"remaining_time":0.2535668903},
{"learn":[0.9695082273],"iteration":155,"passed_time":0.8779430556,"remaining_time":0.2476249644},
{"learn":[0.9690225082],"iteration":156,"passed_time":0.8822517073,"remaining_time":0.2416358179},
{"learn":[0.9684576987],"iteration":157,"passed_time":0.8864884128,"remaining_time":0.2356488186},
{"learn":[0.9680609411],"iteration":158,"passed_time":0.8912470556,"remaining_time":0.2298184231},
{"learn":[0.9677430307],"iteration":159,"passed_time":0.8956014098,"remaining_time":0.2239003524},
{"learn":[0.9671611268],"iteration":160,"passed_time":0.9002384652,"remaining_time":0.2180701872},
{"learn":[0.9666018454],"iteration":161,"passed_time":0.9050246632,"remaining_time":0.2122897358},
{"learn":[0.9664080277],"iteration":162,"passed_time":0.9096486703,"remaining_time":0.2064846675},
{"learn":[0.9660334673],"iteration":163,"passed_time":0.9139676767,"remaining_time":0.200627051},
{"learn":[0.9658591326],"iteration":164,"passed_time":0.918447323,"remaining_time":0.1948221594},
{"learn":[0.9656386482],"iteration":165,"passed_time":0.9231425516,"remaining_time":0.1890773901},
{"learn":[0.9651612445],"iteration":166,"passed_time":0.927596163,"remaining_time":0.1832974454},
{"learn":[0.9648564848],"iteration":167,"passed_time":0.9320155357,"remaining_time":0.1775267687},
{"learn":[0.9643034833],"iteration":168,"passed_time":0.9366121845,"remaining_time":0.1718046019},
{"learn":[0.9641279201],"iteration":169,"passed_time":0.9410411072,"remaining_time":0.1660660777},
{"learn":[0.9639251222],"iteration":170,"passed_time":0.9455346037,"remaining_time":0.1603538217},
{"learn":[0.9635596168],"iteration":171,"passed_time":0.9501851011,"remaining_time":0.1546812955},
{"learn":[0.9631392119],"iteration":172,"passed_time":0.9546829819,"remaining_time":0.148996766},
{"learn":[0.962494138],"iteration":173,"passed_time":0.9593631943,"remaining_time":0.143353121},
{"learn":[0.9621037846],"iteration":174,"passed_time":0.9634251253,"remaining_time":0.1376321608},
{"learn":[0.9617290689],"iteration":175,"passed_time":0.968162635,"remaining_time":0.1320221775},
{"learn":[0.9614954139],"iteration":176,"passed_time":0.9725542454,"remaining_time":0.1263771053},
{"learn":[0.9610494666],"iteration":177,"passed_time":0.9770930243,"remaining_time":0.1207643064},
{"learn":[0.9607103137],"iteration":178,"passed_time":0.981967116,"remaining_time":0.115202846},
{"learn":[0.9604787707],"iteration":179,"passed_time":0.9866959265,"remaining_time":0.1096328807},
{"learn":[0.9601424564],"iteration":180,"passed_time":0.9912849385,"remaining_time":0.104057535},
{"learn":[0.9596994589],"iteration":181,"passed_time":0.9960602256,"remaining_time":0.09851145088},
{"learn":[0.959094121],"iteration":182,"passed_time":1.000978894,"remaining_time":0.09298711041},
{"learn":[0.9586038114],"iteration":183,"passed_time":1.005447199,"remaining_time":0.08743019126},
{"learn":[0.9583980198],"iteration":184,"passed_time":1.009881446,"remaining_time":0.08188227942},
{"learn":[0.9581696978],"iteration":185,"passed_time":1.014031234,"remaining_time":0.07632493159},
{"learn":[0.9576857266],"iteration":186,"passed_time":1.018375381,"remaining_time":0.0707961495},
{"learn":[0.9573078639],"iteration":187,"passed_time":1.022566197,"remaining_time":0.06527018279},
{"learn":[0.9569034024],"iteration":188,"passed_time":1.028273514,"remaining_time":0.05984660666},
{"learn":[0.9564419238],"iteration":189,"passed_time":1.033110484,"remaining_time":0.054374236},
{"learn":[0.9562849174],"iteration":190,"passed_time":1.037385943,"remaining_time":0.04888206015},
{"learn":[0.9559059591],"iteration":191,"passed_time":1.041893948,"remaining_time":0.04341224781},
{"learn":[0.955346785],"iteration":192,"passed_time":1.04664308,"remaining_time":0.03796114799},
{"learn":[0.9548252455],"iteration":193,"passed_time":1.051492273,"remaining_time":0.03252037959},
{"learn":[0.9543406179],"iteration":194,"passed_time":1.056241704,"remaining_time":0.02708312061},
{"learn":[0.954065649],"iteration":195,"passed_time":1.060909553,"remaining_time":0.02165121538},
{"learn":[0.9537075731],"iteration":196,"passed_time":1.066068454,"remaining_time":0.01623454499},
{"learn":[0.9533215599],"iteration":197,"passed_time":1.071042848,"remaining_time":0.01081861462},
{"learn":[0.9530743141],"iteration":198,"passed_time":1.075659779,"remaining_time":0.005405325522},
{"learn":[0.952710368],"iteration":199,"passed_time":1.080156414,"remaining_time":0}
]}